David McClelland เริ่มศึกษาแนวคิด Competency ในช่วงปีใด และเขาให้นิยามว่าอย่างไร?	เริ่มปี 1970 นิยามว่าเป็นบุคลิกลักษณะที่ซ่อนอยู่ภายในแต่ละบุคคลซึ่งผลักดันให้สร้างผลการปฏิบัติงานที่ดีหรือตามเกณฑ์ที่กำหนด [สไลด์]	Competency in OR
Iceberg Model ของ McClelland-Spencer แบ่งส่วนที่มองเห็นง่ายกับมองเห็นยากออกเป็นอะไรบ้าง?	ส่วนบนน้ำ (มองเห็นง่าย) = Knowledge + Skill / ส่วนใต้น้ำ (มองเห็นยาก) = Social Role, Self-Image, Trait, Motives [สไลด์]	Competency in OR
สมรรถนะพยาบาลห้องผ่าตัด 4 ด้านตามสมาคมพยาบาลห้องผ่าตัดแห่งประเทศไทย พ.ศ. 2554 มีอะไรบ้าง?	ความปลอดภัยผู้ป่วย / ร่างกาย / การตอบสนองพฤติกรรม / ระบบสุขภาพ [สไลด์]	Competency in OR
Technical Competency แบ่งย่อยเป็นกี่ระดับ อะไรบ้าง?	3 ระดับ — Basic (พื้นฐานทุกคนต้องมี) / Specific (เฉพาะกลุ่มผู้ป่วย) / Advance (บูรณาการคลินิก+เฉพาะทาง) [สไลด์]	Competency in OR
Basic/Specific/Advance เป็นการแบ่งย่อยของ Competency ประเภทใด เป็นประเภทคู่ขนานกับ Core/Non-Technical หรือไม่?	เป็นการแบ่งย่อยของ Technical Competency เท่านั้น ไม่ใช่ประเภทคู่ขนานกับ Core/Non-Technical [สไลด์]	Competency in OR
ตาม Benner (1984) ระดับ Proficient ตรงกับประสบการณ์กี่ปี?	3-5 ปี (Novice 0-1y, Advance beginner 1-2y, Competent 2-3y, Proficient 3-5y, Expert 5y ขึ้นไป) [สไลด์]	Competency in OR
PL1-PL5 (Proficiency Level) จับคู่ตรงกับปีประสบการณ์ของ Benner หรือไม่?	ไม่ได้จับคู่กันโดยตรง — Benner ใช้ปีประสบการณ์เป็นเกณฑ์ ส่วน PL ใช้พฤติกรรมบ่งชี้เป็นเกณฑ์ เป็นคนละกรอบกัน [สไลด์]	Competency in OR
SPINTS (สำหรับพยาบาลส่งเครื่องมือ) มีกี่หมวดหลักตามกรอบดั้งเดิม อะไรบ้าง?	3 หมวด — Situation Awareness, Communication and Teamwork, Task Management [สไลด์]	Competency in OR
NOTSS (สำหรับศัลยแพทย์) มีกี่หมวด ต่างจาก SPINTS อย่างไร?	NOTSS มี 4 หมวด (Situation Awareness, Decision Making, Communication&Teamwork, Leadership) ส่วน SPINTS ดั้งเดิมมีแค่ 3 หมวด ไม่มี Leadership [สไลด์]	Competency in OR
ANTS ใช้ประเมินใคร มีหมวดอะไรบ้าง?	ใช้กับวิสัญญีแพทย์ มี 4 หมวด — Task Management, Team Working, Situation Awareness, Decision Making [สไลด์]	Competency in OR
กรอบ Non-technical skills in Perioperative Nurses ต่างจาก SPINTS ดั้งเดิมอย่างไร?	เพิ่มหมวดที่ 4 คือ Decision making and leadership (Prioritization/Negotiation/Continuing learning) ซึ่งไม่ใช่ส่วนหนึ่งของ SPINTS ดั้งเดิม [สไลด์]	Competency in OR
Scrub Nurse Level 1 กับ Circulating Nurse Level 1 เน้นบทบาทต่างกันอย่างไร?	Scrub L1 เน้นปกป้องเขตปลอดเชื้อและดูผ่าตัดตั้งใจ / Circulating L1 เน้นทำความสะอาดห้องผ่าตัด เตรียมอุปกรณ์พื้นฐาน และบันทึกข้อมูล [สไลด์]	Competency in OR
การประเมิน Competency ของพยาบาลทำบ่อยแค่ไหน และมีวิธีประเมินกี่วิธี?	ปีละ 1 ครั้ง มีวิธีประเมิน 6 วิธี — Audit, Certification/Training, CQI/PI, Interview, Observation, Testing [สไลด์]	Competency in OR
สมรรถนะหลักภาครัฐ 5 ด้านของ ก.พ. (2553) เป็นกรอบเดียวกับสมรรถนะพยาบาลห้องผ่าตัด 4 ด้านหรือไม่?	ไม่ใช่ เป็นคนละกรอบคนละที่มา (ก.พ. vs สมาคมพยาบาลห้องผ่าตัดแห่งประเทศไทย) ห้ามตอบสลับกัน [สไลด์]	Competency in OR
แบบประเมินสมรรถนะจริงของสมาคมฯ ใช้คอลัมน์ E/S/P/G หมายถึงอะไร?	Expect (หน่วยงานคาดหวัง) / Self (ประเมินตนเอง) / Preceptor (พี่เลี้ยงประเมิน) / Gap (ความห่างจากเป้าหมาย) [สไลด์]	Competency in OR
ประเภทสมรรถนะตามจิรประภา อัครบวร (2549) ต่างจากประเภท Core/Technical/Non-Technical ของสไลด์นี้อย่างไร?	จิรประภาแบ่งเป็น Core competency / Functional competency (2 ประเภท) เป็นคนละกรอบกับ Core/Technical/Non-Technical (3 ประเภท) ของสไลด์นี้ [สไลด์]	Competency in OR
Job Description พยาบาลผ่าตัดแบ่งเป็นกี่ช่วง อะไรบ้าง?	3 ช่วง — ก่อนผ่าตัด / ระหว่างผ่าตัด / หลังผ่าตัด [สไลด์]	Competency in OR
ODS (One Day Surgery) นิยามว่าผู้ป่วยต้องอยู่โรงพยาบาลนานเท่าใด?	ตั้งแต่ 2 ชั่วโมง ถึงไม่เกิน 24 ชั่วโมง แล้วกลับบ้านวันเดียวกับวันที่เข้ารับการรักษา [สไลด์]	ODS
ข้อมูล ODS ปี 2561-2564 มีจำนวนผู้ป่วยและลดค่าใช้จ่ายภาคประชาชนเท่าใด?	ทำหัตถการ ODS 41,532 ราย ลดค่าใช้จ่ายภาคประชาชน 66,451,200 บาท [สไลด์]	ODS
ประมาณการค่าใช้จ่ายที่ผู้ป่วยประหยัดได้ต่อคนต่อวันจาก ODS คำนวณจากอะไรบ้าง?	800 บาท/วัน = อาหาร 200 + เดินทาง 200 + ค่าเสียเวลา 400 บาท [สไลด์]	ODS
2P Safety ใน ODS ย่อมาจากอะไร มีกี่องค์ประกอบ?	Patient & Personnel Safety มี 6 องค์ประกอบ — Surgical Safety Checklist, SSI prevention, Safe Anesthesia, Safe Operating Room, Acute Pain Management, Security & Privacy of Information [สไลด์]	ODS
Surgical Safety Checklist มี 3 ระยะอะไรบ้าง และหลักการสำคัญคืออะไร?	Sign in (ก่อนยาระงับความรู้สึก) → Time out (ก่อนลงมีด) → Sign out (ก่อนออกจากห้องผ่าตัด) ตามหลัก Zero defect ทำครบทีละขั้นห้ามข้าม [สไลด์]	ODS
SSI (surgical site infection) แบ่งช่วงเวลาเฝ้าระวังตามชนิดแผลอย่างไร?	Superficial/deep incisional ภายใน 30 วัน / organ-space ภายใน 30 วัน หรือ 90 วันถ้ามี implant / เฝ้าระวังเชิงรุกที่ 24, 48, 72 ชั่วโมง [สไลด์]	ODS
ห้องผ่าตัดปลอดภัยตามมาตรฐาน 2P ต้องมีระบบระบายอากาศและอุณหภูมิเท่าใด?	ระบบระบายอากาศ 20 air change per hour (ACH) และอุณหภูมิห้อง 22-24°C [สไลด์]	ODS
Acute pain ตามนิยามของ 2P Safety หมายถึงอาการปวดกี่เดือน และส่วนใหญ่เป็นชนิดใด?	ปวด ≤3 เดือน ส่วนใหญ่เป็นชนิด nociceptive ร่วมกับการอักเสบ รักษาด้วย multimodal + preventive analgesia [สไลด์]	ODS
พยาบาลผู้ประสานงานโทรติดต่อผู้ป่วยก่อนผ่าตัดกี่วัน เพื่อทำอะไร?	โทร 7-10 วันก่อนผ่าตัด เพื่อเตรียมสิทธิการรักษา/งดยาละลายลิ่มเลือด/ยาระบาย และโทรซ้ำ 1-3 วันก่อนผ่าตัดเพื่อแนะนำการปฏิบัติตัว [สไลด์]	ODS
พยาบาลผู้ประสานงานโทรติดตามผู้ป่วยหลังผ่าตัดวันใดบ้าง?	Post-op day 0, day 1, และ day 2 [สไลด์]	ODS
MIS ต่างจากการผ่าตัดแบบเปิดอย่างไรตามนิยามในสไลด์?	MIS คือผ่าตัดแผลเล็ก/ผ่านกล้อง แผลอาจมากกว่า 1 แผลแต่เล็ก ใช้เทคโนโลยีลดบาดเจ็บ ลดปวดแผล ฟื้นตัวเร็วกว่าผ่าตัดเปิด [สไลด์]	ODS
บทบาทพยาบาล WR ก่อนผ่าตัดต้องซักประวัติเรื่องใดบ้างที่สำคัญ?	งดน้ำ-อาหาร, โรคประจำตัว, ประวัติผ่าตัด/ยาระงับความรู้สึก, แพ้ยา/อาหาร/สมุนไพร, ยา anticoagulant, สูบบุหรี่/สุรา, ด้านจิตใจ-สังคม [สไลด์]	ODS
พยาบาล RR (ห้องพักฟื้น) จำหน่ายผู้ป่วยเมื่อใด?	เมื่อถึงเกณฑ์ Discharge criteria พร้อมให้ความรู้การดูแลแผล/อาการผิดปกติที่ต้องรีบพบแพทย์/นัดตรวจติดตาม [สไลด์]	ODS
ODS ลดวันนอนโรงพยาบาลรวมกี่วันจากข้อมูลปี 2561-2564?	83,064 วัน (คำนวณจาก 41,532 ราย คูณ 2 วัน) [สไลด์]	ODS
จุดที่ข้อสอบชอบถามเรื่อง Mark site ในผู้ป่วย ODS คือประเด็นใด?	ต้องออกแบบระบบทำ Mark site ให้ชัดเจนว่าใครเป็นคนทำ เพราะผู้ป่วย ODS เดินทางมาจากบ้านและเข้าห้องผ่าตัดตอนเช้า ทำให้พลาดขั้นตอนนี้บ่อย [สไลด์]	ODS
Patient safety concern during MIS ตามสไลด์มีกี่ข้อ อะไรบ้าง?	5 ข้อ — positioning, pressure injury, DVT, pneumoperitoneum, hypothermia [สไลด์]	MIS
ในท่า lithotomy ทุก 1 ฟุตของการยกข้อเท้าเหนือระดับ aorta ความดัน ankle systolic/diastolic ลดลงเท่าใด?	ประมาณ 20 mmHg ต่อการยกข้อเท้าทุก 1 ฟุตเหนือ aorta ทำให้ลด capillary perfusion เพิ่มความเสี่ยง pressure injury [สไลด์]	MIS
ในผู้ป่วย super obesity ต้องปรับท่า reverse Trendelenburg กี่องศา และใช้ instrument ยาวเท่าใด?	Reverse Trendelenburg 12-15° และใช้ laparoscopic instrument ยาวขึ้น 43-44 cm [สไลด์]	MIS
DVT risk assessment ตาม AORN 2017 ระบุเกณฑ์เวลาผ่าตัดที่เพิ่มความเสี่ยงเท่าใด?	Laparoscopic surgery + Lithotomy position + operative time มากกว่า 3 ชั่วโมง ร่วมกับปัจจัยเสี่ยง เช่น old age หรือ obesity [สไลด์]	MIS
ค่า ETCO2 ปกติระหว่างผ่าตัด MIS คือเท่าใด?	35-45 mmHg [สไลด์]	MIS
จากงานวิจัย Wongyingsinn 2023 (n=742) OR ของปัจจัยเสี่ยง postoperative hypothermia คือเท่าใดบ้าง?	ASA physical status III-IV มี OR=1.78 / preoperative hypothermia มี OR=17.99 ต่างกันมาก ต้องจำคู่ให้แม่น [สไลด์]	MIS
Forced-air warming blanket แนะนำให้ใช้ป้องกัน hypothermia ระหว่าง MIS หรือไม่ เพราะเหตุใด?	ไม่แนะนำ เพราะมีหลักฐาน (Koc BB, 2017) ว่าเพิ่มความเสี่ยงติดเชื้อ แม้เป็นวิธี warming ที่คุ้นเคย [สไลด์]	MIS
แก๊สชนิดใดในกลุ่ม CO2/Nitrous oxide/Argon-Helium ที่ support combustion และ hazardous ต่อบุคลากร?	มีแค่ Nitrous oxide (N2O) เท่านั้นที่ทั้ง support combustion และ hazardous ไม่ใช่ CO2 ตามที่คนมักเข้าใจผิด [สไลด์]	MIS
Solubility ของ CO2, Nitrous oxide, Argon/Helium (ml ต่อ 100ml น้ำ) เรียงจากมากไปน้อยเป็นอย่างไร?	CO2=170, Nitrous oxide=130, Argon/Helium=6 ml ต่อ 100ml น้ำ [สไลด์]	MIS
จากงานวิจัย Montero 2010 การตรวจสอบ laparoscopic instrument แบบใช้ซ้ำ 165 ชิ้น พบ insulation failure กี่เปอร์เซ็นต์?	19% จึงแนะนำตรวจสอบเป็นประจำด้วย Insulation failure tester [สไลด์]	MIS
daVinci Xi system ประกอบด้วยส่วนใดบ้าง และมีระบบคู่แข่งชื่ออะไร?	Surgeon console, Patient cart, Vision cart ส่วนระบบคู่แข่งคือ HUGO RAS System [สไลด์]	MIS
การเตรียม robotic endoscope ห้ามใช้ warming liquid เกินอุณหภูมิเท่าใด?	ห้ามใช้เกิน 55°C [สไลด์]	MIS
Warmed and humidified CO2 ช่วยเพิ่ม core temperature เฉลี่ยเท่าใดตามงานวิจัย Dean M. 2017?	เพิ่มเฉลี่ย 0.3°C [สไลด์]	MIS
Siriraj ERAS มีกี่ modules ภายใต้ ERAS Core committee?	10 modules — Colorectal, Gynecology, Upper GI, Liver, Pancreas, Spine, Acute hip fracture, CVT, rAAA, Liver Transplant, Cystectomy [สไลด์]	MIS
Contraindication ของ mechanical VTE prophylaxis ตาม NCCN 2015 ข้อใดเกี่ยวกับเกล็ดเลือด?	Platelet ต่ำกว่า 20,000 ถือเป็น severe thrombocytopenia ที่ห้ามใช้ [สไลด์]	MIS
Purpose of Management in Laparoscopic surgery ตาม AORN 2020 มี 3 ข้อ อะไรบ้าง?	1) Reduce risk to patient and perioperative team 2) Managing distention media and irrigation 3) Maintain Lap instrument's function [สไลด์]	MIS
Siriraj audit ผล keep core temperature มากกว่า 36°C ปี 2567 เทียบกับช่วง เม.ย.-มิ.ย. 2568 เป็นอย่างไร?	ปี 2567 = 69.84% / เม.ย.-มิ.ย. 2568 = 82.61% (38/46 ราย) ดีขึ้นชัดเจน [สไลด์]	MIS
Gerota's fascia ห่อหุ้มอวัยวะใดบ้าง?	ห่อหุ้มทั้งไตและต่อมหมวกไต ไม่ใช่ไตอย่างเดียว [สไลด์]	URO anatomy
ทางเดินปัสสาวะภายในไตเรียงลำดับจาก nephron ไปถึง ureter อย่างไร?	Nephron → Papillary duct → Minor calyx → Major calyx → Renal pelvis → Ureter → Bladder [สไลด์]	URO anatomy
ความดันสุทธิที่ใช้กรองที่ glomerulus คำนวณจากค่าใดบ้าง?	Glomerular hydrostatic pressure 55 mmHg ลบ Blood colloid osmotic pressure 30 mmHg บวก Capsular hydrostatic pressure 15 mmHg เท่ากับ Net outward pressure 10 mmHg [สไลด์]	URO anatomy
จุดตีบตามธรรมชาติของท่อไตมี 3 จุด อะไรบ้าง?	Ureteropelvic junction, Crossing iliac vessels/pelvic brim, Traversing bladder wall [สไลด์]	URO anatomy
Trigone ของกระเพาะปัสสาวะแบ่งเป็น 2 ส่วน ต่อเนื่องมาจากโครงสร้างใดของท่อไต?	Superficial trigone (white zone) และ deep trigone ต่อเนื่องมาจาก Waldeyer's sheath ของท่อไตส่วนปลาย [สไลด์]	URO anatomy
ในช่วง filling (storage) phase กระเพาะปัสสาวะและ sphincter อยู่ในสถานะใด ต่างจาก voiding phase อย่างไร?	Filling คือ bladder relax และ sphincter contract / Voiding คือ bladder contract และ sphincter relax [สไลด์]	URO anatomy
เส้นประสาท parasympathetic ที่ควบคุมกระเพาะปัสสาวะออกจากไขสันหลังระดับใด และมีผลอย่างไร?	Pelvic nerve ระดับ S2-S4 ทำให้ detrusor หดตัวช่วยถ่ายปัสสาวะ ผ่านตัวรับ M3, M2 และ P2X1 [สไลด์]	URO anatomy
เส้นประสาท sympathetic ที่ควบคุมกระเพาะปัสสาวะ (hypogastric nerve) ออกจากไขสันหลังระดับใด และมีผลอย่างไร?	T11-L2 ทำให้ detrusor คลายตัวผ่าน β2/β3-AR และ bladder neck หดตัวผ่าน α1-AR เพื่อเก็บกักปัสสาวะ [สไลด์]	URO anatomy
Internal urethral sphincter อยู่ที่ตำแหน่งใด ต่างจาก external sphincter อย่างไร?	Internal sphincter อยู่ที่ bladder neck ควบคุมโดย sympathetic / External sphincter อยู่ที่ membranous urethra ควบคุมโดย pudendal — TURP มักทำลาย internal sphincter เป็นปกติของหัตถการ [สไลด์]	URO anatomy
Surgical landmark สำคัญของ TURP ที่ต้องระบุให้ได้มีอะไรบ้าง?	Verumontanum (distal landmark), Bladder neck (proximal landmark), Surgical capsule (ระดับความลึกของการตัด) [สไลด์]	URO anatomy
Colliculus seminalis มีความสำคัญอย่างไรต่อการผ่าตัดต่อมลูกหมาก?	เป็น landmark ที่การตัดต้องทำเหนือจุดนี้ เพื่อไม่ให้บาดเจ็บ external urethral sphincter [สไลด์]	URO anatomy
Seminal vesicle ผลิตของเหลวคิดเป็นสัดส่วนเท่าใดของน้ำอสุจิทั้งหมด?	65-75% ของน้ำอสุจิทั้งหมด มี fructose และ prostaglandins [สไลด์]	URO anatomy
มโนมนีมอนิก SEVEN UP ใช้จำลำดับทางเดินอสุจิอย่างไร?	Seminiferous tubule, Epididymis, Vas deferens, Ejaculatory duct, N คือไม่มี, Urethra, Penis [สไลด์]	URO anatomy
ปริมาตรปัสสาวะเฉลี่ยต่อวันของผู้ใหญ่ตามสไลด์คือเท่าใด?	1.4 ลิตร [สไลด์]	URO anatomy
ปัจจัยเสี่ยงของ TUR syndrome ที่เกี่ยวกับเวลาตัดและน้ำหนักต่อมคือเท่าใด?	เวลาตัดมากกว่า 90 นาที และน้ำหนักต่อมมากกว่า 45 กรัม เป็นปัจจัยเสี่ยงหลัก [สไลด์]	URO anatomy
Radical cystectomy ในผู้ชายและผู้หญิงตัดอวัยวะร่วมด้วยต่างกันอย่างไร?	ในชายตัดพร้อม prostate ส่วนในหญิงตัดพร้อม anterior vagina/uterus [สไลด์]	URO anatomy
มุมแนวไตแต่ละข้างทำมุมเท่าใดจากแนวกลางลำตัว (แนวตั้ง)?	30° จากแนวตั้ง [สไลด์]	URO anatomy
ท่าผ่าตัดที่ใช้กับ TUR, URS, RIRS คือท่าใด และมีความเสี่ยงอะไร?	Lithotomy position เสี่ยง peroneal nerve injury จากแรงกด/ยืด และปัญหาการไหลเวียนเลือดที่ขาลดลง [สไลด์]	Periop URO
ท่า Lateral/Kidney position ที่ใช้กับ nephrectomy มีความเสี่ยงอะไรบ้าง?	Respiratory compromise จากทรวงอกขยายตัวลำบาก และ ulnar nerve ถูกกดที่แขน ทำให้ชา/เสียวซ่า [สไลด์]	Periop URO
ท่า Prone ที่ใช้กับ PCNL เสี่ยงภาวะแทรกซ้อนใด?	Pressure ulcer ที่หน้าอก/หน้าท้อง และภาวะแทรกซ้อนทางตา เช่น corneal abrasion จากแรงกดที่ตา [สไลด์]	Periop URO
อุบัติการณ์ VTE หลัง urology surgery อยู่ในช่วงเท่าใด?	1-10% [สไลด์]	Periop URO
Intermittent Pneumatic Compression (IPC) ช่วยลดโอกาสเกิด DVT ได้เท่าใด?	ลด asymptomatic และ distal DVT ได้ 60% ลด proximal DVT ได้ 50% ตามงานวิจัย Roderick P และคณะ 2005 [สไลด์]	Periop URO
อาการหลักของ TURP syndrome มีอะไรบ้าง?	Hyponatremia, confusion, hypertension/hypotension, visual disturbances, seizures เกิดจากดูดซึม irrigation fluid มากเกินไป [สไลด์]	Periop URO
การจัดการ CO2 gas embolism ระหว่างผ่าตัด laparoscopic urology ทำอย่างไร?	หยุดฉีด CO2 ทันทีและลดความดันในช่องท้อง ปิด nitrous oxide ให้ O2 100% พร้อม hyperventilation จัดท่าศีรษะต่ำตะแคงซ้าย [สไลด์]	Periop URO
อาการของ gas embolism ที่พบทางคลินิกมีอะไรบ้าง?	Tachycardia, arrhythmia, hypotension, ECG change [สไลด์]	Periop URO
CO2 subcutaneous emphysema กับ pneumothorax/pneumomediastinum ตรวจพบความผิดปกติทางห้องปฏิบัติการใดร่วมกัน?	PaCO2 และ ETCO2 สูงขึ้นทั้งคู่ ใช้แยกแยะจากภาวะแทรกซ้อนอื่น [สไลด์]	Periop URO
ปัจจัยเสี่ยงจากชนิดผู้ป่วยต่อการเกิด VTE ในผู้ป่วย urology surgery มีอะไรบ้าง?	อายุ, โรคอ้วน, สูบบุหรี่, มะเร็ง, ประวัติ VTE เดิม [สไลด์]	Periop URO
ความเสี่ยงเฉพาะของ Robotic Surgery ในระบบทางเดินปัสสาวะคืออะไร?	ระบบหุ่นยนต์ขัดข้องและภาวะแทรกซ้อนเฉพาะของหุ่นยนต์ที่ไม่พบในการผ่าตัดแบบอื่น [สไลด์]	Periop URO
ความเสี่ยงเฉพาะของ Endoscopic Surgery เช่น TURP ในระบบทางเดินปัสสาวะคืออะไร?	เยื่อบุฉีกขาด/ทะลุ และการติดเชื้อทางเดินปัสสาวะ [สไลด์]	Periop URO
กลยุทธ์ป้องกันแผลกดทับในท่า Prone สำหรับ PCNL คืออะไร?	ใช้อุปกรณ์ลดแรงกด เช่น gel pads หรือหมอนรอง กระจายแรงกด และตรวจสอบการป้องกันดวงตาอย่างสม่ำเสมอ [สไลด์]	Periop URO
การป้องกัน Uro sepsis ในผู้ป่วยผ่าตัดทางเดินปัสสาวะเน้นเทคนิคใดบ้าง?	Aseptic techniques เคร่งครัด, prophylactic antibiotic management, hand hygiene ของบุคลากรผ่าตัด [สไลด์]	Periop URO
แก๊สที่แนะนำใช้ทำ pneumoperitoneum ใน urology surgery คือแก๊สชนิดใด และเพราะเหตุใด?	Carbon dioxide เพราะเป็น inert gas ลดความเสี่ยงภาวะแทรกซ้อนจากการติดไฟหรือการระเบิด [สไลด์]	Periop URO
ปัจจัยที่ทำให้ Gustilo-Anderson classification ของ open fracture สูงขึ้นมีอะไรบ้าง?	ปนเปื้อน (soil/dirty water/bites), บาดเจ็บนานเกิน 12 ชั่วโมง, high energy, bone loss, segmental fracture, crush injury, degloving injury, compartment syndrome, ต้อง flap coverage [สรุป]	Lower Extremity
การให้ antibiotic ใน open fracture ตาม Gustilo grade ทำอย่างไร?	ฉีดไม่เกิน 24 ชั่วโมงหลังบาดเจ็บ Type I-II ใช้ 1st gen cephalosporin Type III ใช้ 1st gen cephalosporin + aminoglycoside ถ้าดินปนเปื้อนเพิ่ม Penicillin 2 ล้าน unit q 4 hr [สรุป]	Lower Extremity
Hard signs ของ vascular injury ที่บ่งชี้ต้องผ่าตัดสำรวจโดยตรงมีอะไรบ้าง?	6P คือ Pulselessness, Pallor, Paresthesia, Pain, Paralysis, Poikilothermia รวมถึง massive bleeding, rapidly expanding hematoma, palpable thrill, audible bruit [สรุป]	Lower Extremity
ค่า ABI เท่าใดถือว่าปกติ และเท่าใดถือว่าผิดปกติ?	ABI มากกว่า 0.9 คือปกติ ABI น้อยกว่า 0.9 คือผิดปกติต้องสืบสวนต่อ ถ้าหาค่าไม่ได้ใน distal injury/เด็กให้ใช้ angiography [สรุป]	Lower Extremity
ในกรณี unstable orthopaedic injury ร่วมกับ vascular injury ควรจัดการลำดับความสำคัญอย่างไร?	Unstable injury ให้แก้ orthopaedic ก่อน ถ้า unstable และ delayed ให้ทำ temporary shunting ส่วน stable injury ให้แก้ vascular ก่อน [สรุป]	Lower Extremity
Compartment syndrome วินิจฉัยจากความดันเท่าใด และวิธีรักษาคืออะไร?	ΔP เท่ากับ DBP ลบ compartment pressure น้อยกว่าหรือเท่ากับ 30 mmHg บ่งชี้ภาวะนี้ รักษาโดยปลด constrictive dressing ตามด้วย bivalve cast แล้ว fasciotomy และ stabilize fracture [สรุป]	Lower Extremity
Fat Embolism Syndrome มีอาการเกิดขึ้นภายในกี่ชั่วโมงหลังบาดเจ็บ และวินิจฉัยตามเกณฑ์ Gurd อย่างไร?	อาการภายใน 24-72 ชั่วโมงหลังบาดเจ็บ วินิจฉัยเมื่อมี 2 major หรือ 1 major รวมกับ 4 minor criteria [สรุป]	Lower Extremity
Major criteria ของเกณฑ์ Gurd สำหรับวินิจฉัย FES มีอะไรบ้าง?	Petechial rash, respiratory insufficiency, cerebral involvement, tachycardia [สรุป]	Lower Extremity
Hip dislocation แบบ posterior มีลักษณะท่าขาอย่างไร และต้อง reduce ภายในกี่ชั่วโมง?	ท่า adduction, flexion, internal rotation ต้องทำ emergency reduction ภายในน้อยกว่า 6 ชั่วโมงภายใต้ GA [สรุป]	Lower Extremity
หลัง reduce hip dislocation ต้องตรวจสอบเส้นประสาทใดเป็นพิเศษ?	Sciatic nerve test [สรุป]	Lower Extremity
Displaced intracapsular hip fracture มักรักษาด้วยวิธีใด เพราะเหตุใด?	มักทำ arthroplasty เพราะมีความเสี่ยงสูงต่อ AVN ของ femoral head [สรุป]	Lower Extremity
Tibial plateau fracture มี associated injury ที่ต้องเฝ้าระวังอะไรบ้าง?	Popliteal artery injury, peroneal nerve injury, compartment syndrome [สรุป]	Lower Extremity
Ottawa Ankle Rules ใช้เกณฑ์ใดในการแยก sprain กับ fracture?	Bone tenderness ตามแนว 6 cm ของ distal fibula หรือ distal tibia หรือเดินลงน้ำหนักไม่ได้ 4 ก้าว [สรุป]	Lower Extremity
Calcaneus fracture วัด Bohler angle และ Gissane's angle ปกติเท่าใด?	Bohler angle 20-40° และ Gissane's angle 105-135° [สรุป]	Lower Extremity
Talar neck fracture มีความเสี่ยงสูงต่อภาวะใด และมักต้องรักษาด้วยวิธีใด?	เสี่ยง AVN อัตราสูง เกือบต้องผ่าตัดทุกครั้ง [สรุป]	Lower Extremity
หลักการจัดการกระดูกหัก 4R มีอะไรบ้าง?	Recognition (ATLS, Hx/PE, Radiograph) ตามด้วย Reduction (closed/open) ตามด้วย Retention (external/internal fixation) และ Rehabilitation (ROM แล้ว stretching แล้ว strengthening) [สรุป]	Lower Extremity
เหตุใด lower extremity จึงไวต่อภาวะ ischemia มากกว่า upper extremity เมื่อเกิด arterial injury?	เพราะ upper extremity มี collateral circulation มากกว่า lower extremity จึงทนต่อการขาดเลือดได้ดีกว่า [จริง]	Lower Extremity
หลักการ B-Shape Principle ของ Surgical Stapler มีเป้าหมาย 3 ข้อ อะไรบ้าง?	Tissue Compression บีบอัดพอดี, Avoiding Leakage ป้องกันรั่วซึม/fistula, Preserve Vascularization รักษาการไหลเวียนเลือด [สไลด์]	GI Surgical Staple
การเลือกสีตลับลวดของ Stapler ตามความหนาเนื้อเยื่อเป็นอย่างไร?	ขาวคือบางมากใช้กับเส้นเลือด ฟ้า/น้ำเงินคือปกติใช้กับกระเพาะ/ลำไส้ทั่วไป เขียวคือหนาใช้กับกระเพาะส่วนหนา ดำคือหนาพิเศษใช้กับเนื้อเยื่อหนาผิดปกติ [สไลด์]	GI Surgical Staple
Safety Checklist 4 ข้อก่อนยิง Stapler เรียงลำดับอย่างไร?	เช็คความพร้อม ตามด้วยใส่ตลับลวด ตามด้วยเคลียร์พื้นที่ และกะแรงบีบเป็นขั้นสุดท้าย [สไลด์]	GI Surgical Staple
เกณฑ์ผู้ป่วยผ่าตัดลดน้ำหนักตาม NIH Guideline คืออะไร?	BMI มากกว่า 40 หรือ BMI มากกว่า 35 ร่วมกับมีโรคร่วม [สไลด์]	GI Surgical Staple
Sleeve Gastrectomy กับ Roux-en-Y Gastric Bypass ต่างกันอย่างไร?	Sleeve Gastrectomy ตัดกระเพาะบางส่วนเหลือเป็น gastric sleeve ต่อจาก duodenum-jejunum ส่วน Roux-en-Y สร้าง gastric pouch เล็กบายพาสกระเพาะและ duodenum เดิม เชื่อมตรงกับ jejunum [สไลด์]	GI Surgical Staple
Post-op Day 0 หลัง bariatric surgery ให้สารน้ำอะไร อัตราเท่าใด และเกณฑ์ Notify แพทย์คือค่าใด?	Acetar 1000 ml IV อัตรา 120 ml/h ต้อง Notify ถ้า BP น้อยกว่า 90/60, PR มากกว่า 120, O2 น้อยกว่า 90% [สไลด์]	GI Surgical Staple
การควบคุมน้ำตาลใน POCT วัดทุกกี่ชั่วโมง และเกณฑ์ให้ RI คือค่าใด?	เจาะ POCT ทุก 6 ชั่วโมง คุมระดับ 80-200 mg% ให้ RI ถ้าเกิน 200 mg% [สไลด์]	GI Surgical Staple
การให้ Heparin ป้องกัน DVT หลัง bariatric surgery เริ่มให้เมื่อใด?	5000 unit SC เริ่มที่ 6 ชั่วโมงหลังผ่าตัด หากไม่มี bleeding [สไลด์]	GI Surgical Staple
Post-op Day 1 หลัง bariatric surgery ให้อาหารชนิดใด พลังงานเท่าใด?	Clear liquid diet ไม่มีน้ำตาล ไขมันต่ำ โปรตีนสูง พลังงาน 600-800 kcal ต่อวัน [สไลด์]	GI Surgical Staple
ทริคสำคัญเรื่องการรับประทานยาหลังผ่าตัด bariatric surgery คืออะไร นานเท่าใด?	ยาทุกชนิดต้องบดให้ละเอียดและผสมน้ำก่อนรับประทานทุกครั้งเป็นเวลา 3 เดือนหลังผ่าตัด เพื่อป้องกันการอุดตันของกระเพาะที่เย็บใหม่ [สไลด์]	GI Surgical Staple
กฎ 5 ข้อหลังผ่าตัดกระเพาะที่สอนผู้ป่วยก่อนจำหน่ายมีอะไรบ้าง?	งดของหวาน/ของเหลวมีน้ำตาลป้องกัน Dumping Syndrome, เคี้ยวช้าๆละเอียด, กินแค่ 1 ถ้วย, ห้ามกักตุนอาหาร, จดบันทึกทุกอย่างที่กิน [สไลด์]	GI Surgical Staple
อาหารเหลวหลังจำหน่ายจาก bariatric surgery ต้องกินต่อเนื่องอีกนานเท่าใด?	อีก 2 สัปดาห์ [สไลด์]	GI Surgical Staple
หลักการ ERAS ในการวางแผนจำหน่ายผู้ป่วย bariatric surgery เริ่มต้นเมื่อใด?	เริ่มวางแผนจำหน่ายตั้งแต่วันแรกที่รับผู้ป่วยแอดมิท ร่วมกับทีมสหสาขาวิชาชีพ [สไลด์]	GI Surgical Staple
เหตุใดในอดีตการเย็บด้วยมือจึงมีความเสี่ยงมากกว่าการใช้ Surgical Stapler?	เพราะเสี่ยงเกิดรอยรั่วซึ่งเป็นสาเหตุสำคัญของภาวะแทรกซ้อน ขณะที่ Stapler เร็วกว่าและสร้างรอยเย็บสม่ำเสมอกว่า ลดโอกาสรั่วซึม [สไลด์]	GI Surgical Staple
การป้องกันภาวะหายใจผิดปกติหลัง bariatric surgery ในผู้ป่วยที่มี OSA ทำอย่างไร?	ให้ O2 cannula 3 LPM ตามปกติ และให้ใช้ CPAP ทุกครั้งที่หลับหากมีภาวะ OSA [สไลด์]	GI Surgical Staple
PMMA bone cement ที่ใช้ยึด prosthesis ใน THA แข็งตัวภายในกี่นาที และเหมาะกับผู้ป่วยกลุ่มใด?	แข็งตัว 10-15 นาที เหมาะกับผู้สูงอายุ/คุณภาพกระดูกไม่ดี ต้องระวังในผู้ป่วยโรคหัวใจเพราะเสี่ยง pulmonary embolism [สรุป]	THA
Cementless hip prosthesis ต้องรอเวลาเท่าใดกว่ากระดูกจะงอกยึด?	6-8 สัปดาห์ ใช้ในกรณีคุณภาพกระดูกแข็งแรงดี [สรุป]	THA
Anterior approach ของ THA มีข้อดีและความเสี่ยงอะไรบ้าง?	ข้อดีคือบาดเจ็บกล้ามเนื้อน้อยและไม่เกิด hip dislocation ความเสี่ยงคือบาดเจ็บ femoral nerve และ lateral femoral cutaneous nerve/หลอดเลือด [สรุป]	THA
Posterolateral approach ของ THA มีข้อดีและความเสี่ยงอะไรบ้าง?	ข้อดีคือเข้าข้อสะโพกง่าย เห็นเบ้าชัด ไม่บาดเจ็บ abductor ความเสี่ยงคือบาดเจ็บ sciatic nerve และมีโอกาส hip dislocation สูงกว่า [สรุป]	THA
เกณฑ์เสียเลือด/ช็อกที่ต้องเฝ้าระวังหลัง THA คือค่าใด?	Intraoperative bleeding มากกว่า 500 cc หรือ vacuum drain มากกว่า 200 cc/hr, SBP น้อยกว่า 90, P มากกว่า 100, O2sat น้อยกว่า 95, urine น้อยกว่า 30 cc/hr [สรุป]	THA
การจัดท่าป้องกัน hip prosthesis dislocation หลัง THA ทำอย่างไร?	นอนราบ หัวสูง 30° กางขา 15-30° มีหมอนคั่นระหว่างขา ขาเหยียดตรง หลีกเลี่ยง hip flexion เกิน 90°, adduction, internal rotation [สรุป]	THA
เกณฑ์เสี่ยง pulmonary embolism หลัง THA ที่ต้องรายงานแพทย์คือค่าใด?	RR มากกว่า 30, O2sat น้อยกว่า 95 ให้จัดท่าศีรษะสูง 45° และให้ O2 cannula 3 L/min [สรุป]	THA
เกณฑ์ติดเชื้อแผล/ข้อเทียมหลัง THA ที่ใช้ติดตามคือค่าใด?	T มากกว่า 37.5°C, ESR มากกว่า 20, CRP มากกว่า 5 ให้ใช้ sterile technique และ ATB prophylaxis ป้องกัน [สรุป]	THA
Hemiarthroplasty ต่างจาก Total Hip Arthroplasty อย่างไร?	Hemiarthroplasty เปลี่ยนเฉพาะกระดูกต้นขา เสียเวลา/เลือดน้อยกว่า ส่วน THA เปลี่ยนทั้ง acetabular cup, femoral head, stem และ liner แก้พยาธิสภาพได้ทั้งเบ้า+หัวต้นขาแต่เสียเวลา/เลือดมากกว่า [สรุป]	THA
ข้อจำกัดของการผ่าตัดเปลี่ยนข้อสะโพกเทียมมีอะไรบ้าง?	โรคร่วมหลายอย่าง, ร่างกายติดเชื้อ, ข้อติดแข็งแต่ยังใช้ได้ดี, กล้ามเนื้อรอบข้ออ่อนแรงพยุงไม่ได้เช่น Myasthenia gravis [สรุป]	THA
การประเมินความเสี่ยง DVT หลัง THA ต้องสังเกตอาการและใช้อุปกรณ์ใด?	สังเกต dorsalis pedis pulse, บวมตึง, ปวดน่อง ใช้ IPCD และจัดท่าไม่ให้ขาเหยียดเกิน [สรุป]	THA
อาการ/สัญญาณของโรคข้อสะโพกที่ต้องผ่าตัดเปลี่ยนข้อคืออะไร?	ปวดข้อสะโพกเมื่อเดินลงน้ำหนัก ปวดที่ขาหนีบ/ต้นขาด้านหน้า-ด้านใน ตรวจโดย internal rotation บางรายพบขาสั้นลง [สรุป]	THA
ประเด็นปัญหาทางการพยาบาลผู้ป่วย THA ที่ประเมินจาก pain score เท่าใด ต้องให้ยาลดปวด?	Pain score มากกว่า 3 พร้อมสีหน้าเจ็บปวด ให้ยาลดปวดและอาจใช้ periarticular injection [สรุป]	THA
Tranexamic acid ใช้ในผู้ป่วย THA เพื่อวัตถุประสงค์ใด?	ลดการเสียเลือดระหว่าง/หลังผ่าตัด ให้เมื่อประเมินว่ามี active bleeding หรือเสี่ยงเสียเลือดมาก [สรุป]	THA
การจัดท่าป้องกัน DVT ในผู้ป่วย THA ต้องหลีกเลี่ยงท่าใด?	หลีกเลี่ยงการจัดท่าให้ขาเหยียดเกิน เพราะทำให้หลอดเลือดดำยืด-แฟบ เลือดไหลไม่สะดวก เพิ่มความเสี่ยง DVT [สรุป]	THA
TKA ประกอบด้วยชิ้นส่วนอะไรบ้าง และงอเข่าได้กี่องศาหลังผ่าตัด?	Femoral, tibial, patellar component รวมกับ polyethylene insert งอได้ 125-130° [สไลด์]	TKA
เกณฑ์การเคลื่อนย้ายผู้ป่วยออกจากห้องผ่าตัดหลัง TKA คือค่าใด?	SpO2 มากกว่า 98% และ O2 5 L/min [สไลด์]	TKA
Verbal report ส่งเวรหลัง TKA ต้องครอบคลุมกี่หัวข้อ อะไรบ้าง?	9 หัวข้อ คือ Patient's identification, Operation, Side, Allergy, Vital signs, Anaesthetic, IV fluid, Bleeding, Urine [สไลด์]	TKA
ยาที่ใช้จริงในห้องผ่าตัด TKA ตามภาพสไลด์มีอะไรบ้าง และแต่ละตัวมีบทบาทอย่างไร?	Cefazolin คือ ATB prophylaxis, Tranexamic acid คือลดเลือดออก, Marcaine 0.5% คือยาชา periarticular, Ketorolac คือ NSAID ฉีดลดปวด [สไลด์]	TKA
Unicompartmental knee arthroplasty ต่างจาก Total knee arthroplasty อย่างไร?	Unicompartmental เปลี่ยนบางส่วนหรือข้อเดียวของเข่า ส่วน Total knee arthroplasty เปลี่ยนทั้งข้อ [สไลด์]	TKA
Risk factors ของข้อเข่าเสื่อมที่นำไปสู่การผ่าตัด TKA มีอะไรบ้าง?	Arthritis, อายุ, เพศ, ภาวะอ้วน, พันธุกรรม, การบาดเจ็บเข่าซ้ำ [สไลด์]	TKA
ตัวอย่าง Arthritis 2 ชนิดที่สไลด์แสดงภาพประกอบสำหรับผู้ป่วย TKA คืออะไร?	Rheumatoid arthritis ที่มี pannus formation รุกล้ำกระดูกอ่อน และ Gout knee ที่มี uric acid สะสมในข้อ [สไลด์]	TKA
Prophylactic antibiotic ก่อนผ่าตัด TKA ต้องให้ภายในกี่นาทีก่อน incision?	ภายใน 60 นาทีก่อน incision และ redose หลัง 3-4 ชั่วโมงหรือเมื่อเสียเลือดมาก [จริง]	TKA
MIS-TKA คืออะไร และ Mobile bearing คืออะไร?	MIS-TKA คือ Minimal Invasive Surgery TKA แผลเล็ก รุกล้ำกล้ามเนื้อน้อย ฟื้นตัวเร็ว ส่วน Mobile bearing คือชิ้นรองที่เคลื่อนได้เลียนแบบการหมุนตามธรรมชาติของเข่า [สไลด์]	TKA
ระยะการพยาบาลผู้ป่วย TKA เรียงตามสไลด์มีกี่ระยะ อะไรบ้าง?	Pre-Admission nurse ตามด้วย Preoperative assessment ตามด้วย OR preparation ตามด้วย Intra-operative phase ตามด้วยการเคลื่อนย้ายออกจากห้องผ่าตัด และ Post-operative Care [สไลด์]	TKA
อุปกรณ์ cold therapy หลังผ่าตัด TKA ใช้เพื่ออะไร และวางตำแหน่งอย่างไร?	Cryo-cuff พันรอบเข่า ระบุจุดวาง place opening behind knee ต่อสายไปเครื่องทำความเย็นเพื่อลดบวมและปวด [สไลด์]	TKA
การรักษาข้อเข่าเสื่อมแบบ Conservative ก่อนผ่าตัด TKA ประกอบด้วยอะไรบ้าง?	Non-medication เช่น PT ออกกำลังกาย ลดน้ำหนัก และ Medication เช่น NSAIDs [สไลด์]	TKA
ระหว่างผ่าตัด TKA ใช้เครื่องมือไฟฟ้า/ลมชนิดใดในการตัดกระดูก?	Oscillating saw และ power drill [สไลด์]	TKA
ไหมเย็บที่ใช้ปิดแผล TKA ตามภาพสไลด์มีชนิดใดบ้าง?	Stratafix, Vicryl Plus, Monocryl [สไลด์]	TKA
หลังเคลื่อนย้ายผู้ป่วย TKA ออกจากห้องผ่าตัด ทำไมต้องยกขาสูงด้วยหมอนหลายใบ?	เพื่อลดอาการบวมของขาที่ผ่าตัด [สไลด์]	TKA
CHD แบ่งเป็น 3 กลุ่มหลักตามพยาธิสรีรวิทยา อะไรบ้าง?	Acyanotic คือ left-to-right shunt, Cyanotic คือ right-to-left shunt/mixing, Obstructive คือการตีบ/อุดกั้น [สไลด์]	CHD surgery
Closed Heart Surgery กับ Open Heart Surgery แบ่งกันตามเกณฑ์ใด?	แบ่งตามการใช้ Cardiopulmonary Bypass ใช้เครื่องปอด-หัวใจเทียมคือ Open Heart Surgery ไม่ใช้คือ Closed Heart Surgery ไม่ใช่แบ่งตามการเปิด/ไม่เปิดหัวใจ [คาบ]	CHD surgery
ตัวอย่างหัตถการ Closed Heart Surgery มีอะไรบ้าง?	PDA ligation, MBTS, Coarctation repair, PA banding [สไลด์]	CHD surgery
Modified Blalock-Taussig Shunt ใช้ท่ออะไรเชื่อมระหว่างหลอดเลือดใด?	ใช้ Gore-Tex graft เชื่อมระหว่าง subclavian artery กับ pulmonary artery แทนการตัด subclavian artery มาต่อโดยตรงแบบ classic BT shunt เดิม [สไลด์]	CHD surgery
Cardioplegia solution ทำให้หัวใจหยุดเต้นได้อย่างไร?	เป็นสารละลายโพแทสเซียมเข้มข้นสูงและเย็นที่ 4°C ฉีดเข้า aortic root ให้วิ่งเข้า coronary artery โดยตรง ทำให้กล้ามเนื้อหัวใจ bradycardia แล้วหยุดเต้นเป็น asystole [คาบ]	CHD surgery
ก่อนเริ่ม Cardiopulmonary Bypass ต้องให้ยาอะไร และตรวจค่าใดยืนยัน?	ให้ heparin ทั่วร่างกาย ตรวจยืนยันด้วยค่า ACT ก่อนเริ่ม bypass [เสริม]	CHD surgery
หลังหย่าเครื่อง CPB สำเร็จ ต้องให้ยาอะไรเพื่อ reverse ฤทธิ์ heparin?	Protamine sulfate ถ้าไม่ reverse เลือดจะไม่แข็งตัวเสี่ยง bleed รุนแรง [คาบ]	CHD surgery
ASD ชนิด Ostium secundum พบตำแหน่งใด และพบบ่อยเท่าใดของ ASD ทั้งหมด?	อยู่กลาง septum บริเวณ fossa ovalis พบบ่อยที่สุดประมาณ 70% ของ ASD ทั้งหมด [เสริม]	CHD surgery
VSD ชนิด Perimembranous พบตำแหน่งใด และพบบ่อยเท่าใดของ VSD ทั้งหมด?	บริเวณ membranous septum ใกล้ AV valve พบบ่อยที่สุดประมาณ 80% ของ VSD ทั้งหมด [เสริม]	CHD surgery
AVSD สัมพันธ์กับโรคทางพันธุกรรมใดบ่อยที่สุด?	Down syndrome (Trisomy 21) [จริง]	CHD surgery
HLHS ต้องให้ยาอะไรเพื่อคง PDA ให้เปิดก่อนผ่าตัด?	Prostaglandin E1 เพราะถ้า PDA ปิด ผู้ป่วยจะเสียชีวิตอย่างรวดเร็วจากไม่มีเลือดไป systemic circulation [จริง]	CHD surgery
Staged Single-Ventricle Palliation สำหรับ HLHS มี 3 ขั้นตอนอะไรบ้าง เรียงตามลำดับ?	Norwood procedure ในสัปดาห์แรกของชีวิต ตามด้วย Bidirectional Glenn shunt ที่ 4-6 เดือน และ Fontan procedure เมื่ออายุ 2 ปีขึ้นไป [สไลด์]	CHD surgery
4 ลักษณะสำคัญของ Tetralogy of Fallot มีอะไรบ้าง?	Ventricular Septal Defect, Pulmonary Stenosis (RVOTO), Overriding Aorta, Right Ventricular Hypertrophy [สไลด์]	CHD surgery
Transannular patch กับ Non-transannular patch ในการซ่อม RVOT ของ TOF ต่างกันอย่างไร?	Transannular ตัดผ่าน pulmonary valve annulus แก้ obstruction ได้เต็มที่แต่เสี่ยง pulmonary regurgitation เรื้อรัง ส่วน Non-transannular คง native valve ไว้ลดความเสี่ยง PR แต่ทำได้เฉพาะเมื่อ annulus ไม่ hypoplastic มาก [สไลด์]	CHD surgery
Norwood with BT shunt ต่างจาก Norwood with Sano shunt อย่างไรในแง่ diastolic runoff?	BT shunt มี diastolic runoff ทำให้ diastolic BP ต่ำ ส่วน Sano shunt ไม่มี diastolic runoff เพราะเลือดไปปอดเฉพาะช่วง systole [จริง]	CHD surgery
ระยะเวลาที่หัวใจทนต่อ aortic cross-clamp ได้โดยทั่วไปตามที่อาจารย์เน้นในคาบคือเท่าใด?	ประมาณ 4 ชั่วโมง สั้นกว่านั้นได้ยิ่งดี ยาวถึง 6-7 ชั่วโมงถือว่าเสี่ยงมาก [คาบ]	CHD surgery
Deep Hypothermic Circulatory Arrest ทำให้สมองทนต่อภาวะหยุดไหลเวียนเลือดสนิทได้นานเท่าใด?	ประมาณ 30 นาที โดยคูลร่างกายลงถึง 15°C และติด EEG monitor [คาบ]	CHD surgery
สมการหลักที่อธิบายความดันโลหิตในห้องผ่าตัดคืออะไร?	BP เท่ากับ HR คูณ SV คูณ SVR ใช้อธิบายสาเหตุความดันตกได้เกือบทุกกรณี [สไลด์]	Heart & Aortic
เส้นเลือด LAD อุดตันเรียกว่าอะไร เพราะเลี้ยงส่วนใดของหัวใจ?	เรียก widow maker เพราะเลี้ยงผนังหน้าส่วนใหญ่ของ LV [สไลด์]	Heart & Aortic
อาการเจ็บหน้าอกแบบ Stable angina, NSTEMI/unstable angina, STEMI ต่างกันอย่างไร?	Stable angina เจ็บออกแรงหายใน 5-10 นาที NSTEMI/unstable angina เจ็บขณะพักนานกว่า 20 นาที troponin ขึ้น STEMI เส้นเลือดอุดตันสมบูรณ์ ST ยก ต้อง PCI ทันที [สไลด์]	Heart & Aortic
ผู้ป่วยลิ้นหัวใจตีบรุนแรงหลังเริ่มมีอาการหัวใจล้มเหลว มีอายุขัยเฉลี่ยเท่าใดถ้าไม่รักษา?	2 ปี เทียบกับ angina 5 ปี และ syncope 3 ปี [สไลด์]	Heart & Aortic
ลิ้นหัวใจเทียมแบบ Mechanical กับ Bioprosthetic ต่างกันอย่างไรเรื่องยาและอายุการใช้งาน?	Mechanical ที่เป็นโลหะต้องกิน warfarin ตลอดชีวิต ห้ามใช้ NOAC แต่ใช้งานได้ตลอดชีวิต ส่วน Bioprosthetic ที่เป็นเนื้อเยื่อไม่ต้องกิน warfarin ระยะยาวแต่เสื่อมใน 10-15 ปี [สไลด์]	Heart & Aortic
เกณฑ์ผ่าตัด aortic aneurysm ทั่วไปในกลุ่ม ascending/descending และ AAA ในผู้ชายคือขนาดเท่าใด?	5.5 cm เกณฑ์เล็กลงเหลือ 5.0 cm ใน AAA หญิงหรือ Marfan syndrome และผ่าตัดทุกขนาดถ้ามีอาการหรือโตเร็วเกิน 0.5 cm ต่อปี [สไลด์]	Heart & Aortic
Aortic dissection Stanford A กับ Stanford B ต่างกันอย่างไรในการรักษา?	Stanford A ที่เกี่ยวข้อง ascending aorta ต้องผ่าตัดฉุกเฉินทันที ส่วน Stanford B ที่ไม่เกี่ยวข้อง ascending ให้คุมความดัน/ชีพจรด้วยยา และทำ TEVAR ถ้ามีภาวะแทรกซ้อน [สไลด์]	Heart & Aortic
Red flags ของ aortic dissection ที่ต้องสงสัยมีอะไรบ้าง?	ปวดทันทีรุนแรงที่สุด/ฉีกร้าวทะลุหลัง, ความดันแขน 2 ข้างต่างกันเกิน 20 mmHg, ชีพจรคลำไม่ได้/ขาเย็น, อ่อนแรงพูดไม่ชัดหมดสติ, ความดันตกร่วมกับหลอดเลือดดำคอโป่ง [สไลด์]	Heart & Aortic
Clopidogrel ต้องหยุดกี่วันก่อนผ่าตัด เทียบกับ Prasugrel?	Clopidogrel หยุด 5 วัน Prasugrel หยุด 7 วัน Ticagrelor หยุด 3-5 วัน [สไลด์]	Heart & Aortic
หลังใส่ stent จาก ACS/MI ต้องรอนานเท่าใดก่อนผ่าตัด elective ได้?	12 เดือน ต่างจาก stent จากโรคเรื้อรัง CCD ที่รอ 6 เดือน [สไลด์]	Heart & Aortic
NOAC เช่น Apixaban/Rivaroxaban ต้องหยุดกี่วันก่อนผ่าตัดที่มีความเสี่ยงเลือดออกสูง เทียบกับ spinal/epidural?	เลือดออกสูงหยุด 2 วัน spinal/epidural หยุด 3 วัน [สไลด์]	Heart & Aortic
SGLT2 inhibitor เช่น dapagliflozin ต้องหยุดกี่วันก่อนผ่าตัด เพราะเหตุใด?	หยุด 3 วันก่อนผ่าตัด เพราะเสี่ยง euglycemic DKA [สไลด์]	Heart & Aortic
Surgical risk ระดับ High ที่มีโอกาสเกิด MI/เสียชีวิตใน 30 วันมากกว่า 5% มีตัวอย่างหัตถการใดบ้าง?	ผ่าตัดหลอดเลือดแดงใหญ่, ตัดหลอดอาหาร/Whipple, ตัดตับ/ปลูกถ่ายตับปอด, ตัดขา [สไลด์]	Heart & Aortic
ค่าความดันโลหิตในวันผ่าตัดที่ไม่ฉุกเฉินที่ต้องแจ้งแพทย์พิจารณาเลื่อนคือเท่าใด?	ตั้งแต่ 180/110 mmHg ขึ้นไป [สไลด์]	Heart & Aortic
4 คำถามที่ OR nurse ต้องถามก่อนผ่าตัดผู้ป่วยโรคหัวใจมีอะไรบ้าง?	ฉุกเฉินไหม ตามด้วยโรคหัวใจกำเริบไหม ตามด้วยการผ่าตัดเสี่ยงแค่ไหน และผู้ป่วยแข็งแรงแค่ไหนโดยตั้งเกณฑ์ที่ 4 METs คือขึ้นบันได 2 ชั้นไม่เหนื่อยแล้วผ่าตัดได้ [สไลด์]	Heart & Aortic
ผู้ป่วยมี ICD ก่อนผ่าตัดที่ใช้จี้ไฟฟ้าต้องทำอย่างไรก่อนเสมอ?	ต้องปิดการช็อกของ ICD ก่อนเสมอ พร้อมติด pad ช็อกไฟฟ้าภายนอกไว้ก่อน แล้วเปิดการช็อกคืนหลังผ่าตัดก่อนย้ายออกจาก monitor [สไลด์]	Heart & Aortic
ผู้ป่วยเพิ่งผ่าตัดหัวใจมา ต้องรอนานเท่าใดจึงจะผ่าตัด elective โรคอื่นได้อย่างปลอดภัยกว่า?	รอตั้งแต่ 100 วันขึ้นไปจะปลอดภัยกว่า และเริ่มพิจารณาได้ที่ประมาณ 3 เดือนเมื่อกระดูกอกติด [สไลด์]	Heart & Aortic
Cardiothoracic surgery แบ่งเป็น 2 สาขาหลักอะไรบ้าง?	Cardiac surgery และ Thoracic surgery [สไลด์]	Periop Cardiothoracic
ปอดขวามีกี่ lobe ปอดซ้ายมีกี่ lobe?	ปอดขวามี 3 lobe ปอดซ้ายมี 2 lobe [สไลด์]	Periop Cardiothoracic
Mediastinum แบ่งเป็นกี่ส่วน อะไรบ้าง?	9 ส่วน คือ Thymus gland, Pretracheal fat, deep to phrenic nerve, posterior to innominate vein, aortopulmonary window, aortocaval groove, anterior mediastinal fat, left cardiophrenic fat, right cardiophrenic fat [สไลด์]	Periop Cardiothoracic
Special feature ของ thoracic surgery ที่ใช้ในการดมยาสลบคืออะไร?	การใช้ double lumen endobronchial tube [สไลด์]	Periop Cardiothoracic
Congenital heart disease พบได้ในสัดส่วนเท่าใดของประชากร?	ร้อยละ 1 [สไลด์]	Periop Cardiothoracic
แนวทางผ่าตัด congenital heart disease มี 3 แบบอะไรบ้าง?	ผ่าตัดประคับประคองที่แก้ไขไม่ได้ทั้งหมด, ผ่าตัดประคับประคองก่อนแล้วแก้ไขทั้งหมดภายหลัง, ผ่าตัดแก้ไขทั้งหมดในคราวเดียว [สไลด์]	Periop Cardiothoracic
3 วิธีรักษาโรคหลอดเลือดหัวใจเรียงตามลำดับคืออะไร?	รักษาด้วยยา ตามด้วย PCI และ CABG เป็นลำดับสุดท้าย [สไลด์]	Periop Cardiothoracic
Prosthetic valve แบบ Bioprosthetic มี 3 ประเภทย่อยอะไรบ้าง?	Xenograft ที่เป็นเนื้อเยื่อสัตว์เช่น porcine/bovine pericardium, Homograft ที่เป็น human cadaver donor, Autograft ที่เป็นเนื้อเยื่อของผู้ป่วยเอง [สไลด์]	Periop Cardiothoracic
มาตรฐานการปฏิบัติการพยาบาลตามสไลด์มีกี่มาตรฐาน อะไรบ้าง?	6 มาตรฐาน คือ การประเมินผู้ป่วย, การวินิจฉัยการพยาบาล, การระบุผลลัพธ์, การวางแผนการพยาบาล, การปฏิบัติการพยาบาล, การประเมินผลการปฏิบัติการพยาบาล [สไลด์]	Periop Cardiothoracic
Perioperative phase ตาม AORN แบ่งเป็นกี่ระยะ อะไรบ้าง?	3 ระยะ คือ pre-operative phase, intra-operative phase, post-operative phase [สไลด์]	Periop Cardiothoracic
อุปกรณ์ประคับประคองการไหลเวียนเลือด/หัวใจ 4 ชนิดที่ต้องแยกแยะกันคืออะไร?	LVAD, IABP, ECMO, BiVAD [สไลด์]	Periop Cardiothoracic
เครื่องมือพิเศษเฉพาะสำหรับเตรียมผ่าตัดหัวใจ-ทรวงอกมีอะไรบ้าง?	เลื่อย Sternotomy, Retractor ทั้ง Sternal spreader และ Rib spreader, Vascular clamps, Vascular forceps, Vascular scissors [สไลด์]	Periop Cardiothoracic
การเตรียมอุปกรณ์สำหรับ Cardiopulmonary Bypass แบ่งเป็น 2 กรณีอะไรบ้าง?	กรณี cannulate ที่หลอดเลือดหัวใจโดยตรงใช้ cannula และกรณี cannulate ที่ขา femoral artery/vein ใช้ catheter [สไลด์]	Periop Cardiothoracic
Multidisciplinary team ในการผ่าตัดหัวใจ-ทรวงอกประกอบด้วยวิชาชีพใดบ้าง?	Cardiology ทั้งฝ่าย medicine และ surgery, Anesthesia คือ cardio anesthesiologist, Nurses ทั้ง OPD/ward/OR/ICU, Perfusionist ที่ดูแล CPB, และ Other [สไลด์]	Periop Cardiothoracic
Nursing goal ของการพยาบาลผู้ป่วยผ่าตัดหัวใจ-ทรวงอกตามสไลด์มีอะไรบ้าง?	Free from wrong patient/site/side, Free of anesthesia related complication, Free of surgical position related injury, Asepsis maintenance, Free of procedure related complication, Free of anxiety related unfamiliar environment [สไลด์]	Periop Cardiothoracic
Thoracoplasty ใช้แก้ไขความผิดปกติทรวงอกชนิดใดบ้าง?	อกบุ๋ม (pectus excavatum) และอกนูน (pectus carinatum) [สไลด์]	Periop Cardiothoracic
Access to thorax มีวิธีใดบ้างที่ไม่ต้องผ่าตัดเปิดใหญ่?	Endoscopy, Bronchoscopy, Mediastinoscopy รวมถึง VATS with mediastinoscopy [สไลด์]	Periop Cardiothoracic
